Rank,Player Name,Team,Position
1,Christian McCaffrey,SF,RB
2,Breece Hall,NYJ,RB
3,Bijan Robinson,ATL,RB
4,CeeDee Lamb,DAL,WR
5,Tyreek Hill,MIA,WR
6,Ja'Marr Chase,CIN,WR
7,Amon-Ra St. Brown,DET,WR
8,Justin Jefferson,MIN,WR
9,Jonathan Taylor,IND,RB
10,Garrett Wilson,NYJ,WR
11,A.J. Brown,PHI,WR
12,Derrick Henry,BAL,RB
13,Jahmyr Gibbs,DET,RB
14,Marvin Harrison Jr.,ARI,WR
15,Puka Nacua,LAR,WR
16,Saquon Barkley,PHI,RB
17,Kyren Williams,LAR,RB
18,Travis Etienne Jr.,JAC,RB
19,Mike Evans,TB,WR
20,Isiah Pacheco,KC,RB
21,Davante Adams,LV,WR
22,Drake London,ATL,WR
23,Chris Olave,NO,WR
24,Cooper Kupp,LAR,WR
25,Deebo Samuel Sr.,SF,WR
26,Brandon Aiyuk,SF,WR
27,Nico Collins,HOU,WR
28,Sam LaPorta,DET,TE
29,De'Von Achane,MIA,RB
30,DJ Moore,CHI,WR
31,Josh Allen,BUF,QB
32,Josh Jacobs,GB,RB
33,Michael Pittman Jr.,IND,WR
34,Jalen Hurts,PHI,QB
35,DK Metcalf,SEA,WR
36,Travis Kelce,KC,TE
37,Lamar Jackson,BAL,QB
38,DeVonta Smith,PHI,WR
39,Jaylen Waddle,MIA,WR
40,James Cook,BUF,RB
41,Kenneth Walker III,SEA,RB
42,Patrick Mahomes II,KC,QB
43,Joe Mixon,HOU,RB
44,Malik Nabers,NYG,WR
45,Amari Cooper,CLE,WR
46,Rachaad White,TB,RB
47,Anthony Richardson,IND,QB
48,Mark Andrews,BAL,TE
49,Rashee Rice,KC,WR
50,Kyler Murray,ARI,QB
51,George Pickens,PIT,WR
52,James Conner,ARI,RB
53,Trey McBride,ARI,TE
54,Tank Dell,HOU,WR
55,Aaron Jones,MIN,RB
56,David Montgomery,DET,RB
57,Zay Flowers,BAL,WR
58,Alvin Kamara,NO,RB
59,Stefon Diggs,HOU,WR
60,Tee Higgins,CIN,WR
61,C.J. Stroud,HOU,QB
62,Terry McLaurin,WAS,WR
63,Najee Harris,PIT,RB
64,Raheem Mostert,MIA,RB
65,Dalton Kincaid,BUF,TE
66,Rhamondre Stevenson,NE,RB
67,George Kittle,SF,TE
68,Dak Prescott,DAL,QB
69,Diontae Johnson,CAR,WR
70,Calvin Ridley,TEN,WR
71,D'Andre Swift,CHI,RB
72,Zamir White,LV,RB
73,Chris Godwin,TB,WR
74,Keenan Allen,CHI,WR
75,Jayden Reed,GB,WR
76,Brian Robinson Jr.,WAS,RB
77,Jayden Daniels,WAS,QB
78,Christian Kirk,JAC,WR
79,Joe Burrow,CIN,QB
80,Jordan Love,GB,QB
81,Kyle Pitts,ATL,TE
82,Javonte Williams,DEN,RB
83,Christian Watson,GB,WR
84,Devin Singletary,NYG,RB
85,Tony Pollard,TEN,RB
86,Rome Odunze,CHI,WR
87,Tyjae Spears,TEN,RB
88,Courtland Sutton,DEN,WR
89,Zack Moss,CIN,RB
90,Brock Purdy,SF,QB
91,Brian Thomas Jr.,JAC,WR
92,Evan Engram,JAC,TE
93,Xavier Worthy,KC,WR
94,Caleb Williams,CHI,QB
95,Jordan Addison,MIN,WR
96,Jaylen Warren,PIT,RB
97,Jaxon Smith-Njigba,SEA,WR
98,Hollywood Brown,KC,WR
99,Gus Edwards,LAC,RB
100,Chase Brown,CIN,RB
101,Jake Ferguson,DAL,TE
102,DeAndre Hopkins,TEN,WR
103,Rashid Shaheed,NO,WR
104,David Njoku,CLE,TE
105,Austin Ekeler,WAS,RB
106,Jameson Williams,DET,WR
107,Jerome Ford,CLE,RB
108,Tyler Lockett,SEA,WR
109,Romeo Doubs,GB,WR
110,Jared Goff,DET,QB
111,Ezekiel Elliott,DAL,RB
112,Khalil Shakir,BUF,WR
113,Ladd McConkey,LAC,WR
114,Jakobi Meyers,LV,WR
115,Keon Coleman,BUF,WR
116,Jonathon Brooks,CAR,RB
117,Blake Corum,LAR,RB
118,Joshua Palmer,LAC,WR
119,Nick Chubb,CLE,RB
120,Trey Benson,ARI,RB
121,Trevor Lawrence,JAC,QB
122,Dallas Goedert,PHI,TE
123,Zach Charbonnet,SEA,RB
124,Tua Tagovailoa,MIA,QB
125,Chuba Hubbard,CAR,RB
126,Mike Williams,NYJ,WR
127,Khalil Herbert,CHI,RB
128,Curtis Samuel,BUF,WR
129,Pat Freiermuth,PIT,TE
130,Brock Bowers,LV,TE
131,Rico Dowdle,DAL,RB
132,Brandin Cooks,DAL,WR
133,Kirk Cousins,ATL,QB
134,Josh Downs,IND,WR
135,Dalton Schultz,HOU,TE
136,Matthew Stafford,LAR,QB
137,Gabe Davis,JAC,WR
138,Luke Musgrave,GB,TE
139,Adam Thielen,CAR,WR
140,Justin Herbert,LAC,QB
141,J.K. Dobbins,LAC,RB
142,Jaleel McLaughlin,DEN,RB
143,Tyler Allgeier,ATL,RB
144,Dontayvion Wicks,GB,WR
145,Taysom Hill,NO,TE
146,Jerry Jeudy,CLE,WR
147,Deshaun Watson,CLE,QB
148,Adonai Mitchell,IND,WR
149,Ty Chandler,MIN,RB
150,Antonio Gibson,NE,RB
151,DeMario Douglas,NE,WR
152,Michael Wilson,ARI,WR
153,San Francisco 49ers,SF,DST
154,Darnell Mooney,ATL,WR
155,Baker Mayfield,TB,QB
156,Baltimore Ravens,BAL,DST
157,Rashod Bateman,BAL,WR
158,Ray Davis,BUF,RB
159,Aaron Rodgers,NYJ,QB
160,New York Jets,NYJ,DST
161,Marvin Mims Jr.,DEN,WR
162,Wan'Dale Robinson,NYG,WR
163,Cole Kmet,CHI,TE
164,Jahan Dotson,PHI,WR
165,Bucky Irving,TB,RB
166,Dallas Cowboys,DAL,DST
167,Cade Otton,TB,TE
168,Will Levis,TEN,QB
169,Cleveland Browns,CLE,DST
170,Brandon Aubrey,DAL,K
171,T.J. Hockenson,MIN,TE
172,Justin Tucker,BAL,K
173,Geno Smith,SEA,QB
174,Ja'Lynn Polk,NE,WR
175,Hunter Henry,NE,TE
176,MarShawn Lloyd,GB,RB
177,Braelon Allen,NYJ,RB
178,Harrison Butker,KC,K
179,Kansas City Chiefs,KC,DST
180,Pittsburgh Steelers,PIT,DST
181,Tyler Conklin,NYJ,TE
182,Jaylen Wright,MIA,RB
183,Noah Fant,SEA,TE
184,Quentin Johnston,LAC,WR
185,Jason Sanders,MIA,K
186,Miami Dolphins,MIA,DST
187,Buffalo Bills,BUF,DST
188,Jake Elliott,PHI,K
189,Kendre Miller,NO,RB
190,Jordan Mason,SF,RB
191,Houston Texans,HOU,DST
192,Philadelphia Eagles,PHI,DST
193,Alexander Mattison,LV,RB
194,Darius Slayton,NYG,WR
195,Isaiah Likely,BAL,TE
196,Ka'imi Fairbairn,HOU,K
197,Roschon Johnson,CHI,RB
198,Elijah Moore,CLE,WR
199,Younghoe Koo,ATL,K
200,Chicago Bears,CHI,DST
201,Jake Moody,SF,K
202,New Orleans Saints,NO,DST
203,Demarcus Robinson,LAR,WR
204,Tyler Bass,BUF,K
205,Chigoziem Okonkwo,TEN,TE
206,Daniel Jones,NYG,QB
207,Evan McPherson,CIN,K
208,Jalin Hyatt,NYG,WR
209,Dameon Pierce,HOU,RB
210,Bo Nix,DEN,QB
211,Elijah Mitchell,SF,RB
212,Audric Estime,DEN,RB
213,Kendrick Bourne,NE,WR
214,Jonathan Mingo,CAR,WR
215,Tyrone Tracy Jr.,NYG,RB
216,Sam Darnold,MIN,QB
217,Matt Gay,IND,K
218,Jalen McMillan,TB,WR
219,AJ Dillon,GB,RB
220,Cameron Dicker,LAC,K
221,Cairo Santos,CHI,K
222,Kimani Vidal,LAC,RB
223,Indianapolis Colts,IND,DST
224,Justice Hill,BAL,RB
225,Andrei Iosivas,CIN,WR
226,Denver Broncos,DEN,DST
227,Tank Bigsby,JAC,RB
228,Ricky Pearsall,SF,WR
229,Cincinnati Bengals,CIN,DST
230,Bryce Young,CAR,QB
231,Roman Wilson,PIT,WR
232,Minnesota Vikings,MIN,DST
233,Miles Sanders,CAR,RB
234,Tucker Kraft,GB,TE
235,Detroit Lions,DET,DST
236,Zach Ertz,WAS,TE
237,Clyde Edwards-Helaire,KC,RB
238,Jermaine Burton,CIN,WR
239,Jonnu Smith,MIA,TE
240,Juwan Johnson,NO,TE
241,K.J. Osborn,NE,WR
242,Ben Sinnott,WAS,TE
243,A.T. Perry,NO,WR
244,Zay Jones,ARI,WR
245,DJ Chark Jr.,LAC,WR
246,Colby Parkinson,LAR,TE
247,Kenneth Gainwell,PHI,RB
248,New England Patriots,NE,DST
249,Alec Pierce,IND,WR
250,Dustin Hopkins,CLE,K
251,Greg Zuerlein,NYJ,K
252,Jamaal Williams,NO,RB
253,Treylon Burks,TEN,WR
254,Derek Carr,NO,QB
255,Las Vegas Raiders,LV,DST
256,Green Bay Packers,GB,DST
257,Tyler Boyd,TEN,WR
258,Javon Baker,NE,WR
259,Xavier Legette,CAR,WR
260,Atlanta Falcons,ATL,DST
261,Blake Grupe,NO,K
262,Jason Myers,SEA,K
263,Greg Dortch,ARI,WR
264,Devontez Walker,BAL,WR
265,Jake Bates,DET,K
266,D'Onta Foreman,CLE,RB
267,Keaton Mitchell,BAL,RB
268,Troy Franklin,DEN,WR
269,Tutu Atwell,LAR,WR
270,Daniel Carlson,LV,K
271,Gerald Everett,CHI,TE
272,Odell Beckham Jr.,MIA,WR
273,Greg Dulcich,DEN,TE
274,Jalen Tolbert,DAL,WR
275,Russell Wilson,PIT,QB
276,Los Angeles Rams,LAR,DST
277,Trey Palmer,TB,WR
278,Carson Steele,KC,RB
279,Josh Reynolds,DEN,WR
280,Michael Mayer,LV,TE
281,Trey Sermon,IND,RB
282,Cam Little,JAC,K
283,Justin Fields,PIT,QB
284,Samaje Perine,DEN,RB
285,Dylan Laube,LV,RB
286,Robert Woods,HOU,WR
287,Michael Carter,ARI,RB
288,Dyami Brown,WAS,WR
289,Cedric Tillman,CLE,WR
290,Matt Prater,ARI,K
291,Mike Gesicki,CIN,TE
292,Dawson Knox,BUF,TE
293,Luke McCaffrey,WAS,WR
294,Malachi Corley,NYJ,WR
295,Jacksonville Jaguars,JAC,DST
296,Jordan Whittington,LAR,WR
297,Allen Lazard,NYJ,WR
298,Will Shipley,PHI,RB
299,Emari Demercado,ARI,RB
300,Michael Thomas,FA,WR
301,Theo Johnson,NYG,TE
302,Van Jefferson,PIT,WR
303,Wil Lutz,DEN,K
304,Pierre Strong Jr.,CLE,RB
305,New York Giants,NYG,DST
306,Cordarrelle Patterson,PIT,RB
307,Tim Patrick,DEN,WR
308,Drake Maye,NE,QB
309,Chase McLaughlin,TB,K
310,Carolina Panthers,CAR,DST
311,Israel Abanikanda,NYJ,RB
312,Sione Vaki,DET,RB
313,Marquez Valdes-Scantling,BUF,WR
314,Ja'Tavion Sanders,CAR,TE
315,Tyler Higbee,LAR,TE
316,Will Reichard,MIN,K
317,Joshua Karty,LAR,K
318,Tyler Scott,CHI,WR
319,Noah Brown,FA,WR
320,John Metchie III,HOU,WR
321,Chase Edmonds,TB,RB
322,Ray-Ray McCloud III,ATL,WR
323,Evan Hull,IND,RB
324,Deneric Prince,KC,RB
325,Seattle Seahawks,SEA,DST
326,Brandon McManus,FA,K
327,Deuce Vaughn,DAL,RB
328,Tampa Bay Buccaneers,TB,DST
329,Hunter Renfrow,FA,WR
330,Ronnie Rivers,LAR,RB
331,D'Ernest Johnson,JAC,RB
332,Chris Boswell,PIT,K
333,Skyy Moore,KC,WR
334,Eric Gray,NYG,RB
335,Kadarius Toney,FA,WR
336,Terrace Marshall Jr.,FA,WR
337,Jelani Woods,IND,TE
338,Ty Johnson,BUF,RB
339,Jeff Wilson Jr.,MIA,RB
340,Greg Joseph,GB,K
341,Xavier Hutchinson,HOU,WR
342,Isaiah Spiller,FA,RB
343,Chris Rodriguez Jr.,WAS,RB
344,Rasheen Ali,BAL,RB
345,Isaac Guerendo,SF,RB
346,Jacoby Brissett,NE,QB
347,Nick Westbrook-Ikhine,TEN,WR
348,Gardner Minshew II,LV,QB
349,Joshua Kelley,FA,RB
350,Cam Akers,HOU,RB
351,Matt Breida,FA,RB
352,Bo Melton,GB,WR
353,Eddy Pineiro,CAR,K
354,Los Angeles Chargers,LAC,DST
355,Latavius Murray,FA,RB
356,Kevin Harris,NE,RB
357,Graham Gano,NYG,K
358,Anders Carlson,FA,K
359,Brett Maher,FA,K
360,Royce Freeman,DAL,RB
361,Craig Reynolds,DET,RB
362,Keaontay Ingram,KC,RB
363,Riley Patterson,FA,K
364,Nick Folk,TEN,K
365,Sean Tucker,TB,RB